{
  "openai/gpt-oss-20b:free": {
    "success_rate": 0.6666666666666666,
    "success_count": 2,
    "total_tasks": 3,
    "avg_time": 15.169875542322794,
    "total_time": 45.509626626968384,
    "token_usage": {
      "prompt_tokens": 5918,
      "completion_tokens": 5821,
      "total_tokens": 11739
    },
    "errors": []
  },
  "nvidia/nemotron-nano-12b-v2-vl:free": {
    "success_rate": 0.3333333333333333,
    "success_count": 1,
    "total_tasks": 3,
    "avg_time": 61.317919174830116,
    "total_time": 183.95375752449036,
    "token_usage": {
      "prompt_tokens": 5982,
      "completion_tokens": 15347,
      "total_tokens": 21329
    },
    "errors": []
  },
  "kwaipilot/kat-coder-pro:free": {
    "success_rate": 0.6666666666666666,
    "success_count": 2,
    "total_tasks": 3,
    "avg_time": 30.33170994122823,
    "total_time": 90.99512982368469,
    "token_usage": {
      "prompt_tokens": 6723,
      "completion_tokens": 7035,
      "total_tokens": 13758
    },
    "errors": []
  }
}