{
  "original_prompt": {
    "success_rate": 0.65,
    "success_count": 65,
    "total_tasks": 100,
    "avg_time": 35.39079493761063,
    "total_time": 3539.0794937610626,
    "token_usage": {
      "prompt_tokens": 226402,
      "completion_tokens": 111001,
      "total_tokens": 337403
    },
    "prompt_length": 1740,
    "errors": [],
    "successful_indices": [
      1,
      2,
      3,
      4,
      5,
      6,
      7,
      8,
      9,
      10,
      14,
      15,
      16,
      18,
      20,
      23,
      24,
      25,
      27,
      28,
      31,
      33,
      34,
      35,
      36,
      37,
      38,
      39,
      40,
      43,
      47,
      49,
      51,
      52,
      54,
      55,
      56,
      57,
      59,
      61,
      62,
      63,
      64,
      66,
      68,
      73,
      74,
      77,
      78,
      79,
      81,
      82,
      83,
      84,
      85,
      86,
      87,
      88,
      91,
      92,
      93,
      94,
      95,
      98,
      99
    ]
  }
}