{
  "minimal_prompt": {
    "success_rate": 0.17,
    "success_count": 17,
    "total_tasks": 100,
    "avg_time": 29.63098965406418,
    "total_time": 2963.098965406418,
    "token_usage": {
      "prompt_tokens": 187610,
      "completion_tokens": 84603,
      "total_tokens": 272213
    },
    "prompt_length": 239,
    "errors": [],
    "successful_indices": [
      0,
      1,
      5,
      8,
      23,
      27,
      28,
      40,
      46,
      52,
      65,
      78,
      79,
      84,
      85,
      88,
      91
    ]
  },
  "structured_prompt": {
    "success_rate": 0.38,
    "success_count": 38,
    "total_tasks": 100,
    "avg_time": 9.857595307826996,
    "total_time": 985.7595307826996,
    "token_usage": {
      "prompt_tokens": 177266,
      "completion_tokens": 28021,
      "total_tokens": 205287
    },
    "prompt_length": 320,
    "errors": [],
    "successful_indices": [
      1,
      6,
      10,
      16,
      17,
      28,
      31,
      33,
      34,
      35,
      37,
      39,
      41,
      43,
      44,
      46,
      51,
      52,
      54,
      57,
      61,
      62,
      64,
      65,
      69,
      71,
      72,
      74,
      76,
      79,
      80,
      83,
      84,
      85,
      87,
      88,
      91,
      99
    ]
  }
}