{
  "routed": {
    "success_rate": 0.56,
    "success_count": 56,
    "total_tasks": 100,
    "avg_time": 29.598380279541015,
    "total_time": 2959.8380279541016,
    "token_usage": {
      "prompt_tokens": 203067,
      "completion_tokens": 94043,
      "total_tokens": 297110
    },
    "errors": [],
    "successful_indices": [
      2,
      3,
      4,
      5,
      7,
      8,
      10,
      14,
      16,
      18,
      19,
      23,
      24,
      25,
      26,
      28,
      29,
      30,
      31,
      34,
      36,
      37,
      38,
      39,
      41,
      43,
      46,
      47,
      48,
      52,
      54,
      57,
      59,
      62,
      63,
      64,
      66,
      68,
      71,
      73,
      74,
      75,
      77,
      79,
      81,
      83,
      85,
      86,
      87,
      88,
      92,
      93,
      94,
      95,
      96,
      97
    ],
    "routing_counts": {
      "0": 66,
      "1": 8,
      "2": 10,
      "3": 16
    }
  }
}