{
  "original": {
    "success_rate": 0.67,
    "success_count": 67,
    "total_tasks": 100,
    "avg_time": 34.87637397766113,
    "total_time": 3487.6373977661133,
    "token_usage": {
      "prompt_tokens": 217408,
      "completion_tokens": 109807,
      "total_tokens": 327215
    },
    "errors": [],
    "successful_indices": [
      2,
      3,
      5,
      6,
      7,
      8,
      9,
      10,
      13,
      18,
      19,
      21,
      23,
      24,
      25,
      26,
      27,
      28,
      29,
      30,
      31,
      34,
      35,
      36,
      37,
      38,
      39,
      41,
      43,
      44,
      46,
      47,
      48,
      49,
      52,
      54,
      55,
      56,
      57,
      58,
      59,
      61,
      63,
      64,
      65,
      66,
      67,
      71,
      72,
      73,
      75,
      76,
      77,
      79,
      81,
      82,
      84,
      85,
      86,
      88,
      92,
      93,
      94,
      95,
      96,
      97,
      98
    ]
  }
}