{
  "routed": {
    "success_rate": 0.57,
    "success_count": 57,
    "total_tasks": 100,
    "avg_time": 29.254006614685057,
    "total_time": 2925.400661468506,
    "token_usage": {
      "prompt_tokens": 203271,
      "completion_tokens": 92072,
      "total_tokens": 295343
    },
    "errors": [],
    "successful_indices": [
      1,
      2,
      3,
      4,
      5,
      7,
      8,
      10,
      14,
      16,
      18,
      19,
      24,
      25,
      26,
      28,
      29,
      30,
      34,
      35,
      36,
      37,
      38,
      39,
      41,
      43,
      46,
      47,
      48,
      52,
      54,
      57,
      59,
      62,
      63,
      64,
      66,
      67,
      68,
      69,
      71,
      73,
      74,
      75,
      77,
      79,
      81,
      83,
      85,
      88,
      92,
      93,
      94,
      95,
      96,
      97,
      98
    ],
    "routing_counts": {
      "0": 66,
      "1": 7,
      "2": 10,
      "3": 17
    }
  }
}